Barcode_222	GTAGAGGA	CTCTCTAT
Barcode_223	GTAGAGGA	TATCCTCT
Barcode_224	GTAGAGGA	AGAGTAGA
Barcode_225	GTAGAGGA	GTAAGGAG
Barcode_226	GTAGAGGA	ACTGCATA
Barcode_227	GTAGAGGA	AAGGAGTA
Barcode_228	GTAGAGGA	CTAAGCCT
Barcode_1	TAAGGCGA	TAGATCGC
Barcode_2	TAAGGCGA	CTCTCTAT
Barcode_3	TAAGGCGA	TATCCTCT
Barcode_4	TAAGGCGA	AGAGTAGA
Barcode_5	TAAGGCGA	GTAAGGAG
Barcode_6	TAAGGCGA	ACTGCATA
Barcode_7	TAAGGCGA	AAGGAGTA
Barcode_8	TAAGGCGA	CTAAGCCT
Barcode_9	TAAGGCGA	CTTGCTTT
Barcode_10	TAAGGCGA	GGCTTCAA
Barcode_11	TAAGGCGA	GGTTCAAA
Barcode_12	TAAGGCGA	ACTTCGAC
Barcode_25	CGTACTAG	GTAAGGAG
Barcode_26	CGTACTAG	ACTGCATA
Barcode_27	CGTACTAG	AAGGAGTA
Barcode_28	CGTACTAG	CTAAGCCT
Barcode_29	CGTACTAG	CTTGCTTT
Barcode_30	CGTACTAG	GGCTTCAA
Barcode_31	CGTACTAG	GGTTCAAA
Barcode_32	CGTACTAG	ACTTCGAC
Barcode_33	CGTACTAG	ACTTCGAC
Barcode_34	CGTACTAG	TGACTTGC
Barcode_35	CGTACTAG	TGACTTGC
Barcode_36	CGTACTAG	TAGGACCT
Barcode_37	CGTACTAG	AGGTTACG
Barcode_38	CGTACTAG	AATTCGCT
Barcode_39	CGTACTAG	TCAGCTAA
Barcode_40	CGTACTAG	GCGATATG
Barcode_41	AGGCAGAA	TAGATCGC
Barcode_42	AGGCAGAA	CTCTCTAT
Barcode_43	AGGCAGAA	TATCCTCT
Barcode_44	AGGCAGAA	AGAGTAGA
Barcode_291	TGCTATGG	GGTTCAAA
Barcode_292	TGCTATGG	ACTTCGAC
Barcode_293	TGCTATGG	ACTTCGAC
Barcode_294	TGCTATGG	TGACTTGC
Barcode_295	TGCTATGG	TGACTTGC
Barcode_296	TGCTATGG	TAGGACCT
Barcode_297	TGCTATGG	AGGTTACG
Barcode_298	TGCTATGG	AATTCGCT
Barcode_299	TGCTATGG	TCAGCTAA
Barcode_300	TGCTATGG	GCGATATG
Barcode_301	GCTATACC	TAGATCGC
Barcode_302	GCTATACC	CTCTCTAT
Barcode_303	GCTATACC	TATCCTCT
Barcode_304	GCTATACC	AGAGTAGA
Barcode_305	GCTATACC	GTAAGGAG
Barcode_306	GCTATACC	ACTGCATA
Barcode_307	GCTATACC	AAGGAGTA
Barcode_308	GCTATACC	CTAAGCCT
Barcode_309	GCTATACC	CTTGCTTT
Barcode_310	GCTATACC	GGCTTCAA
Barcode_311	GCTATACC	GGTTCAAA
Barcode_312	GCTATACC	ACTTCGAC
Barcode_313	GCTATACC	ACTTCGAC
Barcode_314	GCTATACC	TGACTTGC
Barcode_315	GCTATACC	TGACTTGC
Barcode_316	GCTATACC	TAGGACCT
Barcode_317	GCTATACC	AGGTTACG
Barcode_318	GCTATACC	AATTCGCT
Barcode_319	GCTATACC	TCAGCTAA
Barcode_320	GCTATACC	GCGATATG
Barcode_321	GCATAACC	TAGATCGC
Barcode_322	GCATAACC	CTCTCTAT
Barcode_323	GCATAACC	TATCCTCT
Barcode_324	GCATAACC	AGAGTAGA
Barcode_325	GCATAACC	GTAAGGAG
Barcode_326	GCATAACC	ACTGCATA
Barcode_327	GCATAACC	AAGGAGTA
Barcode_328	GCATAACC	CTAAGCCT
Barcode_329	GCATAACC	CTTGCTTT
Barcode_330	GCATAACC	GGCTTCAA
Barcode_331	GCATAACC	GGTTCAAA
Barcode_332	GCATAACC	ACTTCGAC
Barcode_333	GCATAACC	ACTTCGAC
Barcode_334	GCATAACC	TGACTTGC
Barcode_335	GCATAACC	TGACTTGC
Barcode_336	GCATAACC	TAGGACCT
Barcode_337	GCATAACC	AGGTTACG
Barcode_338	GCATAACC	AATTCGCT
Barcode_339	GCATAACC	TCAGCTAA
Barcode_340	GCATAACC	GCGATATG
Barcode_346	CTTGCCTA	ACTGCATA
Barcode_347	CTTGCCTA	AAGGAGTA
Barcode_348	CTTGCCTA	CTAAGCCT
Barcode_349	CTTGCCTA	CTTGCTTT
Barcode_350	CTTGCCTA	GGCTTCAA
Barcode_361	ATGGACAA	TAGATCGC
Barcode_362	ATGGACAA	CTCTCTAT
Barcode_363	ATGGACAA	TATCCTCT
Barcode_364	ATGGACAA	AGAGTAGA
Barcode_365	ATGGACAA	GTAAGGAG
Barcode_366	ATGGACAA	ACTGCATA
Barcode_367	ATGGACAA	AAGGAGTA
Barcode_368	ATGGACAA	CTAAGCCT
Barcode_369	ATGGACAA	CTTGCTTT
Barcode_370	ATGGACAA	GGCTTCAA
Barcode_371	ATGGACAA	GGTTCAAA
Barcode_372	ATGGACAA	ACTTCGAC
Barcode_373	ATGGACAA	ACTTCGAC
Barcode_374	ATGGACAA	TGACTTGC
Barcode_375	ATGGACAA	TGACTTGC
Barcode_376	ATGGACAA	TAGGACCT
Barcode_377	ATGGACAA	AGGTTACG
Barcode_378	ATGGACAA	AATTCGCT
Barcode_379	ATGGACAA	TCAGCTAA
Barcode_380	ATGGACAA	GCGATATG
Barcode_61	TCCTGAGC	TAGATCGC
Barcode_62	TCCTGAGC	CTCTCTAT
Barcode_63	TCCTGAGC	TATCCTCT
Barcode_64	TCCTGAGC	AGAGTAGA
Barcode_65	TCCTGAGC	GTAAGGAG
Barcode_71	TCCTGAGC	GGTTCAAA
Barcode_72	TCCTGAGC	ACTTCGAC
Barcode_73	TCCTGAGC	ACTTCGAC
Barcode_74	TCCTGAGC	TGACTTGC
Barcode_75	TCCTGAGC	TGACTTGC
Barcode_76	TCCTGAGC	TAGGACCT
Barcode_77	TCCTGAGC	AGGTTACG
Barcode_78	TCCTGAGC	AATTCGCT
Barcode_79	TCCTGAGC	TCAGCTAA
Barcode_80	TCCTGAGC	GCGATATG
Barcode_101	TAGGCATG	TAGATCGC
Barcode_102	TAGGCATG	CTCTCTAT
Barcode_103	TAGGCATG	TATCCTCT
Barcode_104	TAGGCATG	AGAGTAGA
Barcode_105	TAGGCATG	GTAAGGAG
Barcode_106	TAGGCATG	ACTGCATA
Barcode_107	TAGGCATG	AAGGAGTA
Barcode_108	TAGGCATG	CTAAGCCT
Barcode_117	TAGGCATG	AGGTTACG
Barcode_118	TAGGCATG	AATTCGCT
Barcode_119	TAGGCATG	TCAGCTAA
Barcode_120	TAGGCATG	GCGATATG
Barcode_121	CTCTCTAC	TAGATCGC
Barcode_122	CTCTCTAC	CTCTCTAT
Barcode_123	CTCTCTAC	TATCCTCT
Barcode_124	CTCTCTAC	AGAGTAGA
Barcode_125	CTCTCTAC	GTAAGGAG
Barcode_126	CTCTCTAC	ACTGCATA
Barcode_127	CTCTCTAC	AAGGAGTA
Barcode_128	CTCTCTAC	CTAAGCCT
Barcode_137	CTCTCTAC	AGGTTACG
Barcode_138	CTCTCTAC	AATTCGCT
Barcode_139	CTCTCTAC	TCAGCTAA
Barcode_140	CTCTCTAC	GCGATATG
Barcode_141	CAGAGAGG	TAGATCGC
Barcode_142	CAGAGAGG	CTCTCTAT
Barcode_143	CAGAGAGG	TATCCTCT
Barcode_144	CAGAGAGG	AGAGTAGA
Barcode_145	CAGAGAGG	GTAAGGAG
Barcode_146	CAGAGAGG	ACTGCATA
Barcode_147	CAGAGAGG	AAGGAGTA
Barcode_148	CAGAGAGG	CTAAGCCT
Barcode_157	CAGAGAGG	AGGTTACG
Barcode_158	CAGAGAGG	AATTCGCT
Barcode_159	CAGAGAGG	TCAGCTAA
Barcode_160	CAGAGAGG	GCGATATG
Barcode_161	GCTACGCT	TAGATCGC
Barcode_162	GCTACGCT	CTCTCTAT
Barcode_163	GCTACGCT	TATCCTCT
Barcode_164	GCTACGCT	AGAGTAGA
Barcode_165	GCTACGCT	GTAAGGAG
Barcode_166	GCTACGCT	ACTGCATA
Barcode_167	GCTACGCT	AAGGAGTA
Barcode_168	GCTACGCT	CTAAGCCT
Barcode_177	GCTACGCT	AGGTTACG
Barcode_178	GCTACGCT	AATTCGCT
Barcode_179	GCTACGCT	TCAGCTAA
Barcode_180	GCTACGCT	GCGATATG
Barcode_181	CGAGGCTG	TAGATCGC
Barcode_182	CGAGGCTG	CTCTCTAT
Barcode_183	CGAGGCTG	TATCCTCT
Barcode_184	CGAGGCTG	AGAGTAGA
Barcode_185	CGAGGCTG	GTAAGGAG
Barcode_186	CGAGGCTG	ACTGCATA
Barcode_187	CGAGGCTG	AAGGAGTA
Barcode_188	CGAGGCTG	CTAAGCCT
Barcode_197	CGAGGCTG	AGGTTACG
Barcode_198	CGAGGCTG	AATTCGCT
Barcode_199	CGAGGCTG	TCAGCTAA
Barcode_200	CGAGGCTG	GCGATATG
Barcode_201	AAGAGGCA	TAGATCGC
Barcode_202	AAGAGGCA	CTCTCTAT
Barcode_203	AAGAGGCA	TATCCTCT
Barcode_204	AAGAGGCA	AGAGTAGA
Barcode_205	AAGAGGCA	GTAAGGAG
Barcode_206	AAGAGGCA	ACTGCATA
Barcode_207	AAGAGGCA	AAGGAGTA
Barcode_208	AAGAGGCA	CTAAGCCT
Barcode_217	AAGAGGCA	AGGTTACG
Barcode_218	AAGAGGCA	AATTCGCT
Barcode_219	AAGAGGCA	TCAGCTAA
Barcode_220	AAGAGGCA	GCGATATG
Barcode_221	GTAGAGGA	TAGATCGC
Barcode_381	TGCCTAGA	TAGATCGC
Barcode_382	TGCCTAGA	CTCTCTAT
Barcode_383	TGCCTAGA	TATCCTCT
Barcode_384	TGCCTAGA	AGAGTAGA
Barcode_385	TGCCTAGA	GTAAGGAG
Barcode_386	TGCCTAGA	ACTGCATA
Barcode_387	TGCCTAGA	AAGGAGTA
Barcode_388	TGCCTAGA	CTAAGCCT
Barcode_389	TGCCTAGA	CTTGCTTT
Barcode_390	TGCCTAGA	GGCTTCAA
Barcode_391	TGCCTAGA	GGTTCAAA
Barcode_392	TGCCTAGA	ACTTCGAC
Barcode_393	TGCCTAGA	ACTTCGAC
Barcode_13	TAAGGCGA	ACTTCGAC
Barcode_14	TAAGGCGA	TGACTTGC
Barcode_15	TAAGGCGA	TGACTTGC
Barcode_16	TAAGGCGA	TAGGACCT
Barcode_17	TAAGGCGA	AGGTTACG
Barcode_18	TAAGGCGA	AATTCGCT
Barcode_19	TAAGGCGA	TCAGCTAA
Barcode_20	TAAGGCGA	GCGATATG
Barcode_21	CGTACTAG	TAGATCGC
Barcode_22	CGTACTAG	CTCTCTAT
Barcode_23	CGTACTAG	TATCCTCT
Barcode_24	CGTACTAG	AGAGTAGA
Barcode_89	GGACTCCT	CTTGCTTT
Barcode_90	GGACTCCT	GGCTTCAA
Barcode_91	GGACTCCT	GGTTCAAA
Barcode_92	GGACTCCT	ACTTCGAC
Barcode_93	GGACTCCT	ACTTCGAC
Barcode_94	GGACTCCT	TGACTTGC
Barcode_95	GGACTCCT	TGACTTGC
Barcode_96	GGACTCCT	TAGGACCT
Barcode_109	TAGGCATG	CTTGCTTT
Barcode_110	TAGGCATG	GGCTTCAA
Barcode_111	TAGGCATG	GGTTCAAA
Barcode_112	TAGGCATG	ACTTCGAC
Barcode_113	TAGGCATG	ACTTCGAC
Barcode_114	TAGGCATG	TGACTTGC
Barcode_115	TAGGCATG	TGACTTGC
Barcode_116	TAGGCATG	TAGGACCT
Barcode_129	CTCTCTAC	CTTGCTTT
Barcode_130	CTCTCTAC	GGCTTCAA
Barcode_131	CTCTCTAC	GGTTCAAA
Barcode_132	CTCTCTAC	ACTTCGAC
Barcode_133	CTCTCTAC	ACTTCGAC
Barcode_134	CTCTCTAC	TGACTTGC
Barcode_135	CTCTCTAC	TGACTTGC
Barcode_136	CTCTCTAC	TAGGACCT
Barcode_149	CAGAGAGG	CTTGCTTT
Barcode_150	CAGAGAGG	GGCTTCAA
Barcode_151	CAGAGAGG	GGTTCAAA
Barcode_152	CAGAGAGG	ACTTCGAC
Barcode_153	CAGAGAGG	ACTTCGAC
Barcode_154	CAGAGAGG	TGACTTGC
Barcode_155	CAGAGAGG	TGACTTGC
Barcode_156	CAGAGAGG	TAGGACCT
Barcode_169	GCTACGCT	CTTGCTTT
Barcode_170	GCTACGCT	GGCTTCAA
Barcode_171	GCTACGCT	GGTTCAAA
Barcode_172	GCTACGCT	ACTTCGAC
Barcode_173	GCTACGCT	ACTTCGAC
Barcode_174	GCTACGCT	TGACTTGC
Barcode_175	GCTACGCT	TGACTTGC
Barcode_176	GCTACGCT	TAGGACCT
Barcode_189	CGAGGCTG	CTTGCTTT
Barcode_190	CGAGGCTG	GGCTTCAA
Barcode_191	CGAGGCTG	GGTTCAAA
Barcode_192	CGAGGCTG	ACTTCGAC
Barcode_193	CGAGGCTG	ACTTCGAC
Barcode_194	CGAGGCTG	TGACTTGC
Barcode_195	CGAGGCTG	TGACTTGC
Barcode_196	CGAGGCTG	TAGGACCT
Barcode_209	AAGAGGCA	CTTGCTTT
Barcode_210	AAGAGGCA	GGCTTCAA
Barcode_211	AAGAGGCA	GGTTCAAA
Barcode_212	AAGAGGCA	ACTTCGAC
Barcode_213	AAGAGGCA	ACTTCGAC
Barcode_214	AAGAGGCA	TGACTTGC
Barcode_215	AAGAGGCA	TGACTTGC
Barcode_216	AAGAGGCA	TAGGACCT
Barcode_229	GTAGAGGA	CTTGCTTT
Barcode_230	GTAGAGGA	GGCTTCAA
Barcode_231	GTAGAGGA	GGTTCAAA
Barcode_232	GTAGAGGA	ACTTCGAC
Barcode_233	GTAGAGGA	ACTTCGAC
Barcode_234	GTAGAGGA	TGACTTGC
Barcode_235	GTAGAGGA	TGACTTGC
Barcode_236	GTAGAGGA	TAGGACCT
Barcode_249	CTTATACC	CTTGCTTT
Barcode_250	CTTATACC	GGCTTCAA
Barcode_251	CTTATACC	GGTTCAAA
Barcode_252	CTTATACC	ACTTCGAC
Barcode_253	CTTATACC	ACTTCGAC
Barcode_254	CTTATACC	TGACTTGC
Barcode_255	CTTATACC	TGACTTGC
Barcode_256	CTTATACC	TAGGACCT
Barcode_269	TCTAGCTG	CTTGCTTT
Barcode_270	TCTAGCTG	GGCTTCAA
Barcode_271	TCTAGCTG	GGTTCAAA
Barcode_272	TCTAGCTG	ACTTCGAC
Barcode_273	TCTAGCTG	ACTTCGAC
Barcode_274	TCTAGCTG	TGACTTGC
Barcode_275	TCTAGCTG	TGACTTGC
Barcode_276	TCTAGCTG	TAGGACCT
Barcode_289	TGCTATGG	CTTGCTTT
Barcode_290	TGCTATGG	GGCTTCAA
Barcode_341	CTTGCCTA	TAGATCGC
Barcode_342	CTTGCCTA	CTCTCTAT
Barcode_343	CTTGCCTA	TATCCTCT
Barcode_344	CTTGCCTA	AGAGTAGA
Barcode_345	CTTGCCTA	GTAAGGAG
Barcode_351	CTTGCCTA	GGTTCAAA
Barcode_352	CTTGCCTA	ACTTCGAC
Barcode_353	CTTGCCTA	ACTTCGAC
Barcode_354	CTTGCCTA	TGACTTGC
Barcode_355	CTTGCCTA	TGACTTGC
Barcode_356	CTTGCCTA	TAGGACCT
Barcode_357	CTTGCCTA	AGGTTACG
Barcode_358	CTTGCCTA	AATTCGCT
Barcode_359	CTTGCCTA	TCAGCTAA
Barcode_360	CTTGCCTA	GCGATATG
Barcode_97	GGACTCCT	AGGTTACG
Barcode_45	AGGCAGAA	GTAAGGAG
Barcode_46	AGGCAGAA	ACTGCATA
Barcode_47	AGGCAGAA	AAGGAGTA
Barcode_48	AGGCAGAA	CTAAGCCT
Barcode_49	AGGCAGAA	CTTGCTTT
Barcode_50	AGGCAGAA	GGCTTCAA
Barcode_51	AGGCAGAA	GGTTCAAA
Barcode_52	AGGCAGAA	ACTTCGAC
Barcode_53	AGGCAGAA	ACTTCGAC
Barcode_54	AGGCAGAA	TGACTTGC
Barcode_55	AGGCAGAA	TGACTTGC
Barcode_56	AGGCAGAA	TAGGACCT
Barcode_57	AGGCAGAA	AGGTTACG
Barcode_58	AGGCAGAA	AATTCGCT
Barcode_59	AGGCAGAA	TCAGCTAA
Barcode_60	AGGCAGAA	GCGATATG
Barcode_66	TCCTGAGC	ACTGCATA
Barcode_67	TCCTGAGC	AAGGAGTA
Barcode_68	TCCTGAGC	CTAAGCCT
Barcode_69	TCCTGAGC	CTTGCTTT
Barcode_70	TCCTGAGC	GGCTTCAA
Barcode_81	GGACTCCT	TAGATCGC
Barcode_82	GGACTCCT	CTCTCTAT
Barcode_83	GGACTCCT	TATCCTCT
Barcode_84	GGACTCCT	AGAGTAGA
Barcode_85	GGACTCCT	GTAAGGAG
Barcode_86	GGACTCCT	ACTGCATA
Barcode_87	GGACTCCT	AAGGAGTA
Barcode_88	GGACTCCT	CTAAGCCT
Barcode_98	GGACTCCT	AATTCGCT
Barcode_99	GGACTCCT	TCAGCTAA
Barcode_100	GGACTCCT	GCGATATG
Barcode_237	GTAGAGGA	AGGTTACG
Barcode_238	GTAGAGGA	AATTCGCT
Barcode_239	GTAGAGGA	TCAGCTAA
Barcode_240	GTAGAGGA	GCGATATG
Barcode_241	CTTATACC	TAGATCGC
Barcode_242	CTTATACC	CTCTCTAT
Barcode_243	CTTATACC	TATCCTCT
Barcode_244	CTTATACC	AGAGTAGA
Barcode_245	CTTATACC	GTAAGGAG
Barcode_246	CTTATACC	ACTGCATA
Barcode_247	CTTATACC	AAGGAGTA
Barcode_248	CTTATACC	CTAAGCCT
Barcode_257	CTTATACC	AGGTTACG
Barcode_258	CTTATACC	AATTCGCT
Barcode_259	CTTATACC	TCAGCTAA
Barcode_260	CTTATACC	GCGATATG
Barcode_261	TCTAGCTG	TAGATCGC
Barcode_262	TCTAGCTG	CTCTCTAT
Barcode_263	TCTAGCTG	TATCCTCT
Barcode_264	TCTAGCTG	AGAGTAGA
Barcode_265	TCTAGCTG	GTAAGGAG
Barcode_266	TCTAGCTG	ACTGCATA
Barcode_267	TCTAGCTG	AAGGAGTA
Barcode_268	TCTAGCTG	CTAAGCCT
Barcode_277	TCTAGCTG	AGGTTACG
Barcode_278	TCTAGCTG	AATTCGCT
Barcode_279	TCTAGCTG	TCAGCTAA
Barcode_280	TCTAGCTG	GCGATATG
Barcode_281	TGCTATGG	TAGATCGC
Barcode_282	TGCTATGG	CTCTCTAT
Barcode_283	TGCTATGG	TATCCTCT
Barcode_284	TGCTATGG	AGAGTAGA
Barcode_285	TGCTATGG	GTAAGGAG
Barcode_286	TGCTATGG	ACTGCATA
Barcode_287	TGCTATGG	AAGGAGTA
Barcode_288	TGCTATGG	CTAAGCCT
Barcode_394	TGCCTAGA	TGACTTGC
Barcode_395	TGCCTAGA	TGACTTGC
Barcode_396	TGCCTAGA	TAGGACCT
Barcode_397	TGCCTAGA	AGGTTACG
Barcode_398	TGCCTAGA	AATTCGCT
Barcode_399	TGCCTAGA	TCAGCTAA
Barcode_400	TGCCTAGA	GCGATATG
